country_code,year,avg_years_education,primary_attendance,secondary_attendance,dropout_rate,unemployment_rate,employment_rate,informal_rate,electricity_access,water_access,internet_access,poverty_rate,extreme_poverty,gini_index,country_name,avg_years_education_regional_avg,avg_years_education_vs_regional,primary_attendance_regional_avg,primary_attendance_vs_regional,secondary_attendance_regional_avg,secondary_attendance_vs_regional,dropout_rate_regional_avg,dropout_rate_vs_regional,unemployment_rate_regional_avg,unemployment_rate_vs_regional,employment_rate_regional_avg,employment_rate_vs_regional,informal_rate_regional_avg,informal_rate_vs_regional,electricity_access_regional_avg,electricity_access_vs_regional,water_access_regional_avg,water_access_vs_regional,internet_access_regional_avg,internet_access_vs_regional,poverty_rate_regional_avg,poverty_rate_vs_regional,extreme_poverty_regional_avg,extreme_poverty_vs_regional,gini_index_regional_avg,gini_index_vs_regional
ARG,2010,10.11,87.25,68.91,8.75,4.55,60.45,30.55,91.81,95.72,79.54,24.01,9.6,0.423,Argentina,9.394,0.72,90.703,-3.45,76.748,-7.84,11.565999999999999,-2.82,8.959,-4.41,65.607,-5.16,48.6,-18.05,91.529,0.28,88.783,6.94,57.41799999999999,22.12,28.248,-4.24,11.299000000000001,-1.7,0.4796,-0.06
ARG,2011,10.94,92.14,82.86,14.9,11.23,57.36,47.3,90.9,84.98,62.58,26.37,10.55,0.409,Argentina,9.53,1.41,90.583,1.56,74.434,8.43,13.085999999999999,1.81,7.212999999999999,4.02,63.664,-6.3,48.396,-1.1,89.837,1.06,87.76,-2.78,49.818,12.76,28.68,-2.31,11.473,-0.92,0.48650000000000004,-0.08
ARG,2012,10.66,92.95,75.49,8.72,5.47,66.08,49.54,97.77,83.79,64.26,25.79,10.32,0.506,Argentina,9.484,1.18,91.477,1.47,77.082,-1.59,9.918,-1.2,6.861,-1.39,63.482000000000006,2.6,46.226,3.31,91.463,6.31,87.807,-4.02,63.513999999999996,0.75,28.137,-2.35,11.257,-0.94,0.4527,0.05
ARG,2013,11.14,89.63,83.95,5.22,10.47,59.13,30.33,93.84,93.2,37.24,26.76,10.7,0.403,Argentina,9.606,1.53,90.458,-0.83,82.143,1.81,10.6,-5.38,7.829000000000001,2.64,66.569,-7.44,44.623000000000005,-14.29,93.572,0.27,92.274,0.93,51.531000000000006,-14.29,26.471000000000004,0.29,10.587,0.11,0.4549,-0.05
ARG,2014,10.67,86.27,77.29,12.1,4.23,73.0,56.22,95.02,96.36,39.88,23.07,9.23,0.428,Argentina,9.777,0.89,90.526,-4.26,82.56,-5.27,11.361,0.74,6.9319999999999995,-2.7,65.096,7.9,47.676,8.54,91.089,3.93,89.838,6.52,54.69199999999999,-14.81,26.235000000000003,-3.17,10.493,-1.26,0.45389999999999997,-0.03
ARG,2015,11.41,87.25,75.85,10.98,8.38,67.01,49.95,88.33,97.49,39.95,22.69,9.07,0.446,Argentina,9.937999999999999,1.47,90.89099999999999,-3.64,74.955,0.89,10.015,0.96,7.4319999999999995,0.95,62.910000000000004,4.1,44.067,5.88,90.235,-1.91,89.47,8.02,55.908,-15.96,25.853,-3.16,10.34,-1.27,0.4563,-0.01
ARG,2016,11.41,85.59,74.37,14.39,4.58,73.29,42.56,96.96,88.86,43.6,18.01,7.2,0.444,Argentina,10.001999999999999,1.41,91.42999999999999,-5.84,76.375,-2.0,14.246,0.14,6.175,-1.59,66.961,6.33,46.32,-3.76,92.41499999999999,4.55,90.904,-2.04,46.818,-3.22,24.629,-6.62,9.85,-2.65,0.5004000000000001,-0.06
ARG,2017,11.44,91.54,86.41,14.88,6.45,65.38,31.41,97.19,88.02,58.31,24.64,9.85,0.492,Argentina,10.103,1.34,90.547,0.99,76.506,9.9,11.468,3.41,7.269,-0.82,68.051,-2.67,48.118,-16.71,90.851,6.34,89.376,-1.36,62.553,-4.24,25.78,-1.14,10.309999999999999,-0.46,0.47729999999999995,0.01
ARG,2018,11.08,92.62,88.51,13.63,4.5,69.76,32.48,90.03,90.67,38.99,21.38,8.55,0.455,Argentina,10.032,1.05,92.16499999999999,0.46,79.527,8.98,12.19,1.44,5.929,-1.43,64.051,5.71,43.601,-11.12,92.05199999999999,-2.02,90.91,-0.24,52.787,-13.8,24.659,-3.28,9.863,-1.31,0.4727,-0.02
ARG,2019,11.26,90.05,81.08,11.87,8.43,59.91,41.68,90.48,97.45,44.2,20.25,8.1,0.468,Argentina,10.386,0.87,91.699,-1.65,75.935,5.14,12.354000000000001,-0.48,7.247,1.18,65.839,-5.93,41.823,-0.14,92.125,-1.64,92.72200000000001,4.73,56.521,-12.32,23.997,-3.75,9.598,-1.5,0.48600000000000004,-0.02
ARG,2020,11.55,90.02,89.03,18.58,5.6,62.11,51.57,94.19,85.85,72.54,19.98,7.99,0.477,Argentina,10.484,1.07,91.97999999999999,-1.96,76.939,12.09,12.475,6.1,7.099000000000001,-1.5,66.122,-4.01,46.898,4.67,91.582,2.61,90.25399999999999,-4.4,58.761,13.78,24.048000000000002,-4.07,9.619,-1.63,0.48900000000000005,-0.01
ARG,2021,11.47,87.55,66.73,6.51,5.67,66.33,44.28,86.83,97.46,54.96,21.93,8.77,0.489,Argentina,10.506,0.96,90.995,-3.45,76.091,-9.36,11.043,-4.53,6.643000000000001,-0.97,66.771,-0.44,45.971000000000004,-1.69,91.126,-4.3,90.451,7.01,56.891999999999996,-1.93,23.266,-1.34,9.306000000000001,-0.54,0.4829,0.01
ARG,2022,11.4,89.15,86.12,5.35,8.97,73.74,51.98,88.3,81.32,39.34,20.48,8.19,0.426,Argentina,10.401,1.0,93.36800000000001,-4.22,79.307,6.81,11.464,-6.11,8.774000000000001,0.2,63.611000000000004,10.13,49.382999999999996,2.6,90.977,-2.68,91.53,-10.21,53.24400000000001,-13.9,21.655,-1.18,8.661,-0.47,0.4446,-0.02
ARG,2023,11.71,95.59,72.05,6.77,4.93,55.62,37.87,92.28,86.07,75.59,18.71,7.48,0.41,Argentina,10.416,1.29,92.554,3.04,80.287,-8.24,13.252,-6.48,8.116,-3.19,61.092,-5.47,48.348,-10.48,92.663,-0.38,87.713,-1.64,67.77000000000001,7.82,22.253999999999998,-3.54,8.902000000000001,-1.42,0.46509999999999996,-0.06
BOL,2010,10.06,94.56,85.09,9.23,8.36,56.03,44.89,91.03,84.48,63.94,42.27,16.91,0.503,Bolivia,9.394,0.67,90.703,3.86,76.748,8.34,11.565999999999999,-2.34,8.959,-0.6,65.607,-9.58,48.6,-3.71,91.529,-0.5,88.783,-4.3,57.41799999999999,6.52,28.248,14.02,11.299000000000001,5.61,0.4796,0.02
BOL,2011,9.98,87.31,83.77,17.1,8.37,61.68,53.13,94.89,83.01,39.22,42.38,16.95,0.466,Bolivia,9.53,0.45,90.583,-3.27,74.434,9.34,13.085999999999999,4.01,7.212999999999999,1.16,63.664,-1.98,48.396,4.73,89.837,5.05,87.76,-4.75,49.818,-10.6,28.68,13.7,11.473,5.48,0.48650000000000004,-0.02
BOL,2012,9.98,89.84,84.41,10.11,3.96,56.5,51.85,85.51,93.26,66.51,42.44,16.98,0.405,Bolivia,9.484,0.5,91.477,-1.64,77.082,7.33,9.918,0.19,6.861,-2.9,63.482000000000006,-6.98,46.226,5.62,91.463,-5.95,87.807,5.45,63.513999999999996,3.0,28.137,14.3,11.257,5.72,0.4527,-0.05
BOL,2013,10.12,97.1,86.46,11.43,7.46,68.77,43.04,91.64,95.2,74.31,39.85,15.94,0.536,Bolivia,9.606,0.51,90.458,6.64,82.143,4.32,10.6,0.83,7.829000000000001,-0.37,66.569,2.2,44.623000000000005,-1.58,93.572,-1.93,92.274,2.93,51.531000000000006,22.78,26.471000000000004,13.38,10.587,5.35,0.4549,0.08
BOL,2014,10.43,86.34,87.56,12.58,5.22,71.38,53.98,93.19,95.63,41.32,43.11,17.24,0.447,Bolivia,9.777,0.65,90.526,-4.19,82.56,5.0,11.361,1.22,6.9319999999999995,-1.71,65.096,6.28,47.676,6.3,91.089,2.1,89.838,5.79,54.69199999999999,-13.37,26.235000000000003,16.87,10.493,6.75,0.45389999999999997,-0.01
BOL,2015,10.53,95.74,73.0,18.43,9.25,60.44,47.71,86.57,84.86,33.14,38.52,15.41,0.478,Bolivia,9.937999999999999,0.59,90.89099999999999,4.85,74.955,-1.95,10.015,8.41,7.4319999999999995,1.82,62.910000000000004,-2.47,44.067,3.64,90.235,-3.67,89.47,-4.61,55.908,-22.77,25.853,12.67,10.34,5.07,0.4563,0.02
BOL,2016,10.48,97.36,79.34,14.48,6.25,56.83,57.52,92.44,96.86,32.16,37.81,15.12,0.545,Bolivia,10.001999999999999,0.48,91.42999999999999,5.93,76.375,2.97,14.246,0.23,6.175,0.08,66.961,-10.13,46.32,11.2,92.41499999999999,0.03,90.904,5.96,46.818,-14.66,24.629,13.18,9.85,5.27,0.5004000000000001,0.04
BOL,2017,10.45,90.83,72.33,9.93,4.23,74.0,43.38,86.71,88.14,81.36,40.36,16.14,0.516,Bolivia,10.103,0.35,90.547,0.28,76.506,-4.18,11.468,-1.54,7.269,-3.04,68.051,5.95,48.118,-4.74,90.851,-4.14,89.376,-1.24,62.553,18.81,25.78,14.58,10.309999999999999,5.83,0.47729999999999995,0.04
BOL,2018,10.93,95.29,84.74,6.37,4.67,65.84,56.19,89.43,89.13,32.29,40.94,16.38,0.413,Bolivia,10.032,0.9,92.16499999999999,3.13,79.527,5.21,12.19,-5.82,5.929,-1.26,64.051,1.79,43.601,12.59,92.05199999999999,-2.62,90.91,-1.78,52.787,-20.5,24.659,16.28,9.863,6.52,0.4727,-0.06
BOL,2019,10.92,91.43,66.44,13.24,9.59,71.13,49.76,87.08,97.76,83.08,39.31,15.72,0.429,Bolivia,10.386,0.53,91.699,-0.27,75.935,-9.5,12.354000000000001,0.89,7.247,2.34,65.839,5.29,41.823,7.94,92.125,-5.05,92.72200000000001,5.04,56.521,26.56,23.997,15.31,9.598,6.12,0.48600000000000004,-0.06
BOL,2020,11.08,89.56,67.93,7.14,9.23,71.98,37.49,85.07,97.13,65.15,38.24,15.29,0.458,Bolivia,10.484,0.6,91.97999999999999,-2.42,76.939,-9.01,12.475,-5.34,7.099000000000001,2.13,66.122,5.86,46.898,-9.41,91.582,-6.51,90.25399999999999,6.88,58.761,6.39,24.048000000000002,14.19,9.619,5.67,0.48900000000000005,-0.03
BOL,2021,10.84,94.9,80.46,6.52,7.4,59.42,59.63,97.15,88.19,58.36,37.36,14.95,0.441,Bolivia,10.506,0.33,90.995,3.91,76.091,4.37,11.043,-4.52,6.643000000000001,0.76,66.771,-7.35,45.971000000000004,13.66,91.126,6.02,90.451,-2.26,56.891999999999996,1.47,23.266,14.09,9.306000000000001,5.64,0.4829,-0.04
BOL,2022,11.06,85.95,85.55,15.59,11.5,55.79,51.17,91.84,92.0,37.68,36.55,14.62,0.442,Bolivia,10.401,0.66,93.36800000000001,-7.42,79.307,6.24,11.464,4.13,8.774000000000001,2.73,63.611000000000004,-7.82,49.382999999999996,1.79,90.977,0.86,91.53,0.47,53.24400000000001,-15.56,21.655,14.89,8.661,5.96,0.4446,-0.0
BOL,2023,10.93,86.06,67.12,19.8,11.33,58.61,47.04,85.42,85.54,68.76,39.08,15.63,0.481,Bolivia,10.416,0.51,92.554,-6.49,80.287,-13.17,13.252,6.55,8.116,3.21,61.092,-2.48,48.348,-1.31,92.663,-7.24,87.713,-2.17,67.77000000000001,0.99,22.253999999999998,16.83,8.902000000000001,6.73,0.46509999999999996,0.02
BRA,2010,8.84,97.31,89.65,16.3,11.24,55.68,50.92,87.83,92.12,83.35,20.39,8.16,0.509,Brasil,9.394,-0.55,90.703,6.61,76.748,12.9,11.565999999999999,4.73,8.959,2.28,65.607,-9.93,48.6,2.32,91.529,-3.7,88.783,3.34,57.41799999999999,25.93,28.248,-7.86,11.299000000000001,-3.14,0.4796,0.03
BRA,2011,8.45,89.89,67.09,16.66,5.68,73.49,59.13,86.31,92.11,54.41,20.5,8.2,0.516,Brasil,9.53,-1.08,90.583,-0.69,74.434,-7.34,13.085999999999999,3.57,7.212999999999999,-1.53,63.664,9.83,48.396,10.73,89.837,-3.53,87.76,4.35,49.818,4.59,28.68,-8.18,11.473,-3.27,0.48650000000000004,0.03
BRA,2012,8.09,96.78,67.78,12.39,11.5,64.48,55.86,97.15,83.19,68.09,17.81,7.13,0.417,Brasil,9.484,-1.39,91.477,5.3,77.082,-9.3,9.918,2.47,6.861,4.64,63.482000000000006,1.0,46.226,9.63,91.463,5.69,87.807,-4.62,63.513999999999996,4.58,28.137,-10.33,11.257,-4.13,0.4527,-0.04
BRA,2013,9.27,85.15,76.72,5.84,10.6,61.38,54.87,96.73,97.0,67.58,16.48,6.59,0.529,Brasil,9.606,-0.34,90.458,-5.31,82.143,-5.42,10.6,-4.76,7.829000000000001,2.77,66.569,-5.19,44.623000000000005,10.25,93.572,3.16,92.274,4.73,51.531000000000006,16.05,26.471000000000004,-9.99,10.587,-4.0,0.4549,0.07
BRA,2014,9.28,92.58,89.05,10.62,3.33,66.93,36.9,91.96,91.12,77.79,14.21,5.68,0.41,Brasil,9.777,-0.5,90.526,2.05,82.56,6.49,11.361,-0.74,6.9319999999999995,-3.6,65.096,1.83,47.676,-10.78,91.089,0.87,89.838,1.28,54.69199999999999,23.1,26.235000000000003,-12.03,10.493,-4.81,0.45389999999999997,-0.04
BRA,2015,9.23,88.71,86.71,8.35,4.09,56.54,50.89,92.99,80.55,81.2,18.93,7.57,0.447,Brasil,9.937999999999999,-0.71,90.89099999999999,-2.18,74.955,11.75,10.015,-1.67,7.4319999999999995,-3.34,62.910000000000004,-6.37,44.067,6.82,90.235,2.75,89.47,-8.92,55.908,25.29,25.853,-6.92,10.34,-2.77,0.4563,-0.01
BRA,2016,9.12,97.91,66.84,13.31,6.06,69.5,31.96,94.65,92.18,41.86,18.59,7.43,0.496,Brasil,10.001999999999999,-0.88,91.42999999999999,6.48,76.375,-9.53,14.246,-0.94,6.175,-0.12,66.961,2.54,46.32,-14.36,92.41499999999999,2.24,90.904,1.28,46.818,-4.96,24.629,-6.04,9.85,-2.42,0.5004000000000001,-0.0
BRA,2017,9.49,97.6,78.08,14.44,5.84,65.79,53.72,94.22,87.09,65.82,13.93,5.57,0.533,Brasil,10.103,-0.61,90.547,7.05,76.506,1.57,11.468,2.97,7.269,-1.43,68.051,-2.26,48.118,5.6,90.851,3.37,89.376,-2.29,62.553,3.27,25.78,-11.85,10.309999999999999,-4.74,0.47729999999999995,0.06
BRA,2018,9.17,93.16,79.61,18.52,5.87,67.52,56.58,86.49,91.84,84.97,13.15,5.26,0.507,Brasil,10.032,-0.86,92.16499999999999,1.0,79.527,0.08,12.19,6.33,5.929,-0.06,64.051,3.47,43.601,12.98,92.05199999999999,-5.56,90.91,0.93,52.787,32.18,24.659,-11.51,9.863,-4.6,0.4727,0.03
BRA,2019,9.96,85.59,72.02,19.26,8.54,59.66,30.73,85.67,97.59,52.38,14.58,5.83,0.514,Brasil,10.386,-0.43,91.699,-6.11,75.935,-3.92,12.354000000000001,6.91,7.247,1.29,65.839,-6.18,41.823,-11.09,92.125,-6.45,92.72200000000001,4.87,56.521,-4.14,23.997,-9.42,9.598,-3.77,0.48600000000000004,0.03
BRA,2020,9.46,93.06,71.93,7.82,10.83,55.43,56.24,97.19,94.08,61.19,17.22,6.89,0.474,Brasil,10.484,-1.02,91.97999999999999,1.08,76.939,-5.01,12.475,-4.65,7.099000000000001,3.73,66.122,-10.69,46.898,9.34,91.582,5.61,90.25399999999999,3.83,58.761,2.43,24.048000000000002,-6.83,9.619,-2.73,0.48900000000000005,-0.02
BRA,2021,9.89,91.03,73.83,13.75,7.76,73.78,53.96,95.34,95.81,52.23,14.4,5.76,0.478,Brasil,10.506,-0.62,90.995,0.03,76.091,-2.26,11.043,2.71,6.643000000000001,1.12,66.771,7.01,45.971000000000004,7.99,91.126,4.21,90.451,5.36,56.891999999999996,-4.66,23.266,-8.87,9.306000000000001,-3.55,0.4829,-0.0
BRA,2022,9.12,95.58,82.12,7.44,11.98,62.01,53.02,89.58,92.02,74.43,12.43,4.97,0.416,Brasil,10.401,-1.28,93.36800000000001,2.21,79.307,2.81,11.464,-4.02,8.774000000000001,3.21,63.611000000000004,-1.6,49.382999999999996,3.64,90.977,-1.4,91.53,0.49,53.24400000000001,21.19,21.655,-9.23,8.661,-3.69,0.4446,-0.03
BRA,2023,9.91,96.84,85.56,19.25,6.62,64.6,48.83,95.67,94.36,53.96,12.61,5.04,0.405,Brasil,10.416,-0.51,92.554,4.29,80.287,5.27,13.252,6.0,8.116,-1.5,61.092,3.51,48.348,0.48,92.663,3.01,87.713,6.65,67.77000000000001,-13.81,22.253999999999998,-9.64,8.902000000000001,-3.86,0.46509999999999996,-0.06
CHL,2010,9.51,97.13,86.65,5.68,10.86,74.68,53.05,96.45,82.16,59.95,34.28,13.71,0.536,Chile,9.394,0.12,90.703,6.43,76.748,9.9,11.565999999999999,-5.89,8.959,1.9,65.607,9.07,48.6,4.45,91.529,4.92,88.783,-6.62,57.41799999999999,2.53,28.248,6.03,11.299000000000001,2.41,0.4796,0.06
CHL,2011,10.55,85.34,74.41,17.16,6.76,63.43,52.13,85.08,85.84,50.16,29.62,11.85,0.437,Chile,9.53,1.02,90.583,-5.24,74.434,-0.02,13.085999999999999,4.07,7.212999999999999,-0.45,63.664,-0.23,48.396,3.73,89.837,-4.76,87.76,-1.92,49.818,0.34,28.68,0.94,11.473,0.38,0.48650000000000004,-0.05
CHL,2012,9.59,97.61,86.05,17.57,5.15,57.21,40.64,90.55,92.52,51.37,36.05,14.42,0.434,Chile,9.484,0.11,91.477,6.13,77.082,8.97,9.918,7.65,6.861,-1.71,63.482000000000006,-6.27,46.226,-5.59,91.463,-0.91,87.807,4.71,63.513999999999996,-12.14,28.137,7.91,11.257,3.16,0.4527,-0.02
CHL,2013,10.61,91.09,75.37,9.1,5.59,60.93,37.01,91.28,84.28,50.53,31.56,12.62,0.412,Chile,9.606,1.0,90.458,0.63,82.143,-6.77,10.6,-1.5,7.829000000000001,-2.24,66.569,-5.64,44.623000000000005,-7.61,93.572,-2.29,92.274,-7.99,51.531000000000006,-1.0,26.471000000000004,5.09,10.587,2.03,0.4549,-0.04
CHL,2014,10.3,95.0,88.62,17.74,3.38,55.36,59.63,88.18,81.32,63.19,30.48,12.19,0.539,Chile,9.777,0.52,90.526,4.47,82.56,6.06,11.361,6.38,6.9319999999999995,-3.55,65.096,-9.74,47.676,11.95,91.089,-2.91,89.838,-8.52,54.69199999999999,8.5,26.235000000000003,4.24,10.493,1.7,0.45389999999999997,0.09
CHL,2015,10.42,88.22,76.26,6.94,6.85,62.69,50.39,94.35,91.15,55.49,30.59,12.24,0.521,Chile,9.937999999999999,0.48,90.89099999999999,-2.67,74.955,1.31,10.015,-3.08,7.4319999999999995,-0.58,62.910000000000004,-0.22,44.067,6.32,90.235,4.11,89.47,1.68,55.908,-0.42,25.853,4.74,10.34,1.9,0.4563,0.06
CHL,2016,10.54,87.97,81.79,14.27,4.96,74.0,53.59,90.32,95.54,58.55,32.92,13.17,0.521,Chile,10.001999999999999,0.54,91.42999999999999,-3.46,76.375,5.42,14.246,0.02,6.175,-1.21,66.961,7.04,46.32,7.27,92.41499999999999,-2.09,90.904,4.64,46.818,11.73,24.629,8.29,9.85,3.32,0.5004000000000001,0.02
CHL,2017,10.76,89.66,67.84,15.07,3.8,63.35,56.37,91.71,80.46,48.77,31.25,12.5,0.428,Chile,10.103,0.66,90.547,-0.89,76.506,-8.67,11.468,3.6,7.269,-3.47,68.051,-4.7,48.118,8.25,90.851,0.86,89.376,-8.92,62.553,-13.78,25.78,5.47,10.309999999999999,2.19,0.47729999999999995,-0.05
CHL,2018,11.17,91.76,86.3,13.28,11.5,64.35,48.4,90.32,87.18,61.91,30.29,12.11,0.521,Chile,10.032,1.14,92.16499999999999,-0.4,79.527,6.77,12.19,1.09,5.929,5.57,64.051,0.3,43.601,4.8,92.05199999999999,-1.73,90.91,-3.73,52.787,9.12,24.659,5.63,9.863,2.25,0.4727,0.05
CHL,2019,10.84,92.29,86.92,11.05,4.5,74.82,36.95,92.47,90.94,72.07,31.53,12.61,0.534,Chile,10.386,0.45,91.699,0.59,75.935,10.98,12.354000000000001,-1.3,7.247,-2.75,65.839,8.98,41.823,-4.87,92.125,0.34,92.72200000000001,-1.78,56.521,15.55,23.997,7.53,9.598,3.01,0.48600000000000004,0.05
CHL,2020,11.1,94.15,70.32,7.05,11.48,67.99,48.23,96.38,92.93,82.55,27.69,11.08,0.434,Chile,10.484,0.62,91.97999999999999,2.17,76.939,-6.62,12.475,-5.42,7.099000000000001,4.38,66.122,1.87,46.898,1.33,91.582,4.8,90.25399999999999,2.68,58.761,23.79,24.048000000000002,3.64,9.619,1.46,0.48900000000000005,-0.06
CHL,2021,11.41,85.19,73.76,13.85,7.61,59.61,35.3,85.26,83.52,30.42,27.94,11.17,0.464,Chile,10.506,0.9,90.995,-5.81,76.091,-2.33,11.043,2.81,6.643000000000001,0.97,66.771,-7.16,45.971000000000004,-10.67,91.126,-5.87,90.451,-6.93,56.891999999999996,-26.47,23.266,4.67,9.306000000000001,1.86,0.4829,-0.02
CHL,2022,10.75,96.75,73.71,12.71,4.98,58.73,53.39,94.06,96.16,43.39,28.68,11.47,0.401,Chile,10.401,0.35,93.36800000000001,3.38,79.307,-5.6,11.464,1.25,8.774000000000001,-3.79,63.611000000000004,-4.88,49.382999999999996,4.01,90.977,3.08,91.53,4.63,53.24400000000001,-9.85,21.655,7.02,8.661,2.81,0.4446,-0.04
CHL,2023,10.59,95.19,74.91,14.33,6.15,56.16,59.07,97.98,81.08,81.39,28.11,11.25,0.477,Chile,10.416,0.17,92.554,2.64,80.287,-5.38,13.252,1.08,8.116,-1.97,61.092,-4.93,48.348,10.72,92.663,5.32,87.713,-6.63,67.77000000000001,13.62,22.253999999999998,5.86,8.902000000000001,2.35,0.46509999999999996,0.01
COL,2010,10.45,88.36,76.48,19.7,10.95,73.56,59.85,89.92,81.83,56.72,26.73,10.69,0.451,Colombia,9.394,1.06,90.703,-2.34,76.748,-0.27,11.565999999999999,8.13,8.959,1.99,65.607,7.95,48.6,11.25,91.529,-1.61,88.783,-6.95,57.41799999999999,-0.7,28.248,-1.52,11.299000000000001,-0.61,0.4796,-0.03
COL,2011,10.79,91.4,73.22,14.5,4.57,62.92,52.75,88.59,85.13,46.9,26.44,10.58,0.541,Colombia,9.53,1.26,90.583,0.82,74.434,-1.21,13.085999999999999,1.41,7.212999999999999,-2.64,63.664,-0.74,48.396,4.35,89.837,-1.25,87.76,-2.63,49.818,-2.92,28.68,-2.24,11.473,-0.89,0.48650000000000004,0.05
COL,2012,10.61,86.68,68.2,7.28,9.26,58.08,54.47,96.24,89.7,47.12,26.95,10.78,0.505,Colombia,9.484,1.13,91.477,-4.8,77.082,-8.88,9.918,-2.64,6.861,2.4,63.482000000000006,-5.4,46.226,8.24,91.463,4.78,87.807,1.89,63.513999999999996,-16.39,28.137,-1.19,11.257,-0.48,0.4527,0.05
COL,2013,10.73,86.8,81.02,7.73,5.02,59.48,46.11,93.54,92.89,44.99,21.98,8.79,0.455,Colombia,9.606,1.12,90.458,-3.66,82.143,-1.12,10.6,-2.87,7.829000000000001,-2.81,66.569,-7.09,44.623000000000005,1.49,93.572,-0.03,92.274,0.62,51.531000000000006,-6.54,26.471000000000004,-4.49,10.587,-1.8,0.4549,0.0
COL,2014,11.07,91.16,81.69,7.58,8.34,66.6,32.74,90.79,82.19,39.96,25.49,10.19,0.445,Colombia,9.777,1.29,90.526,0.63,82.56,-0.87,11.361,-3.78,6.9319999999999995,1.41,65.096,1.5,47.676,-14.94,91.089,-0.3,89.838,-7.65,54.69199999999999,-14.73,26.235000000000003,-0.75,10.493,-0.3,0.45389999999999997,-0.01
COL,2015,10.86,87.5,66.02,7.53,10.9,60.31,33.89,94.54,83.27,58.88,21.68,8.67,0.443,Colombia,9.937999999999999,0.92,90.89099999999999,-3.39,74.955,-8.94,10.015,-2.49,7.4319999999999995,3.47,62.910000000000004,-2.6,44.067,-10.18,90.235,4.31,89.47,-6.2,55.908,2.97,25.853,-4.17,10.34,-1.67,0.4563,-0.01
COL,2016,10.8,86.15,68.02,11.91,11.0,74.11,55.86,94.93,81.92,61.2,24.73,9.89,0.475,Colombia,10.001999999999999,0.8,91.42999999999999,-5.28,76.375,-8.36,14.246,-2.34,6.175,4.82,66.961,7.15,46.32,9.54,92.41499999999999,2.52,90.904,-8.98,46.818,14.38,24.629,0.1,9.85,0.04,0.5004000000000001,-0.03
COL,2017,10.98,87.68,74.11,12.55,10.29,68.1,46.53,88.59,97.33,56.6,23.16,9.26,0.408,Colombia,10.103,0.88,90.547,-2.87,76.506,-2.4,11.468,1.08,7.269,3.02,68.051,0.05,48.118,-1.59,90.851,-2.26,89.376,7.95,62.553,-5.95,25.78,-2.62,10.309999999999999,-1.05,0.47729999999999995,-0.07
COL,2018,11.22,95.39,80.7,6.23,3.78,63.17,41.18,96.28,89.9,32.39,24.48,9.79,0.436,Colombia,10.032,1.19,92.16499999999999,3.23,79.527,1.17,12.19,-5.96,5.929,-2.15,64.051,-0.88,43.601,-2.42,92.05199999999999,4.23,90.91,-1.01,52.787,-20.4,24.659,-0.18,9.863,-0.07,0.4727,-0.04
COL,2019,11.36,96.36,88.02,5.92,5.34,69.47,44.88,93.86,97.13,63.09,22.5,9.0,0.422,Colombia,10.386,0.97,91.699,4.66,75.935,12.08,12.354000000000001,-6.43,7.247,-1.91,65.839,3.63,41.823,3.06,92.125,1.73,92.72200000000001,4.41,56.521,6.57,23.997,-1.5,9.598,-0.6,0.48600000000000004,-0.06
COL,2020,11.7,94.73,69.61,8.14,3.73,59.4,50.5,96.47,95.92,42.54,23.2,9.28,0.436,Colombia,10.484,1.22,91.97999999999999,2.75,76.939,-7.33,12.475,-4.33,7.099000000000001,-3.37,66.122,-6.72,46.898,3.6,91.582,4.89,90.25399999999999,5.67,58.761,-16.22,24.048000000000002,-0.85,9.619,-0.34,0.48900000000000005,-0.05
COL,2021,11.36,89.82,77.11,14.27,3.69,72.02,44.85,87.97,91.0,52.61,22.01,8.8,0.501,Colombia,10.506,0.85,90.995,-1.18,76.091,1.02,11.043,3.23,6.643000000000001,-2.95,66.771,5.25,45.971000000000004,-1.12,91.126,-3.16,90.451,0.55,56.891999999999996,-4.28,23.266,-1.26,9.306000000000001,-0.51,0.4829,0.02
COL,2022,11.46,94.72,65.92,8.79,7.33,66.85,54.74,96.76,96.2,49.44,19.97,7.99,0.509,Colombia,10.401,1.06,93.36800000000001,1.35,79.307,-13.39,11.464,-2.67,8.774000000000001,-1.44,63.611000000000004,3.24,49.382999999999996,5.36,90.977,5.78,91.53,4.67,53.24400000000001,-3.8,21.655,-1.69,8.661,-0.67,0.4446,0.06
COL,2023,11.09,94.27,87.38,12.68,6.13,68.56,46.97,88.32,94.05,45.11,22.57,9.03,0.455,Colombia,10.416,0.67,92.554,1.72,80.287,7.09,13.252,-0.57,8.116,-1.99,61.092,7.47,48.348,-1.38,92.663,-4.34,87.713,6.34,67.77000000000001,-22.66,22.253999999999998,0.32,8.902000000000001,0.13,0.46509999999999996,-0.01
CRI,2010,9.09,91.92,71.06,9.04,5.4,72.57,53.92,96.52,87.63,66.72,35.14,14.06,0.414,Costa Rica,9.394,-0.3,90.703,1.22,76.748,-5.69,11.565999999999999,-2.53,8.959,-3.56,65.607,6.96,48.6,5.32,91.529,4.99,88.783,-1.15,57.41799999999999,9.3,28.248,6.89,11.299000000000001,2.76,0.4796,-0.07
CRI,2011,8.94,89.9,65.5,9.83,8.93,72.01,56.02,86.34,91.23,54.85,37.85,15.14,0.525,Costa Rica,9.53,-0.59,90.583,-0.68,74.434,-8.93,13.085999999999999,-3.26,7.212999999999999,1.72,63.664,8.35,48.396,7.62,89.837,-3.5,87.76,3.47,49.818,5.03,28.68,9.17,11.473,3.67,0.48650000000000004,0.04
CRI,2012,9.13,86.56,87.26,13.9,9.38,71.74,50.92,93.21,83.02,70.53,30.99,12.4,0.406,Costa Rica,9.484,-0.35,91.477,-4.92,77.082,10.18,9.918,3.98,6.861,2.52,63.482000000000006,8.26,46.226,4.69,91.463,1.75,87.807,-4.79,63.513999999999996,7.02,28.137,2.85,11.257,1.14,0.4527,-0.05
CRI,2013,9.1,93.83,84.73,12.48,9.12,67.37,52.58,97.08,83.9,35.26,31.34,12.53,0.489,Costa Rica,9.606,-0.51,90.458,3.37,82.143,2.59,10.6,1.88,7.829000000000001,1.29,66.569,0.8,44.623000000000005,7.96,93.572,3.51,92.274,-8.37,51.531000000000006,-16.27,26.471000000000004,4.87,10.587,1.94,0.4549,0.03
CRI,2014,9.55,92.63,83.64,11.47,4.43,72.62,56.16,85.33,91.56,63.39,28.87,11.55,0.497,Costa Rica,9.777,-0.23,90.526,2.1,82.56,1.08,11.361,0.11,6.9319999999999995,-2.5,65.096,7.52,47.676,8.48,91.089,-5.76,89.838,1.72,54.69199999999999,8.7,26.235000000000003,2.63,10.493,1.06,0.45389999999999997,0.04
CRI,2015,9.37,86.66,72.09,10.45,3.26,71.52,33.87,92.65,84.18,51.5,31.61,12.64,0.426,Costa Rica,9.937999999999999,-0.57,90.89099999999999,-4.23,74.955,-2.86,10.015,0.43,7.4319999999999995,-4.17,62.910000000000004,8.61,44.067,-10.2,90.235,2.42,89.47,-5.29,55.908,-4.41,25.853,5.76,10.34,2.3,0.4563,-0.03
CRI,2016,10.01,89.63,89.66,14.09,6.02,69.87,34.82,93.32,88.94,84.33,29.13,11.65,0.541,Costa Rica,10.001999999999999,0.01,91.42999999999999,-1.8,76.375,13.28,14.246,-0.16,6.175,-0.16,66.961,2.91,46.32,-11.5,92.41499999999999,0.91,90.904,-1.96,46.818,37.51,24.629,4.5,9.85,1.8,0.5004000000000001,0.04
CRI,2017,10.4,88.08,67.54,7.29,10.36,71.64,45.22,86.91,92.51,52.24,33.57,13.43,0.421,Costa Rica,10.103,0.3,90.547,-2.47,76.506,-8.97,11.468,-4.18,7.269,3.09,68.051,3.59,48.118,-2.9,90.851,-3.94,89.376,3.13,62.553,-10.31,25.78,7.79,10.309999999999999,3.12,0.47729999999999995,-0.06
CRI,2018,9.73,87.43,72.13,7.6,3.06,60.74,48.51,90.99,92.92,68.08,28.4,11.36,0.539,Costa Rica,10.032,-0.3,92.16499999999999,-4.73,79.527,-7.4,12.19,-4.59,5.929,-2.87,64.051,-3.31,43.601,4.91,92.05199999999999,-1.06,90.91,2.01,52.787,15.29,24.659,3.74,9.863,1.5,0.4727,0.07
CRI,2019,9.88,96.66,67.01,12.87,11.83,67.64,37.79,98.88,82.31,35.73,28.83,11.53,0.532,Costa Rica,10.386,-0.51,91.699,4.96,75.935,-8.92,12.354000000000001,0.52,7.247,4.58,65.839,1.8,41.823,-4.03,92.125,6.75,92.72200000000001,-10.41,56.521,-20.79,23.997,4.83,9.598,1.93,0.48600000000000004,0.05
CRI,2020,10.21,86.46,74.95,19.54,8.71,65.8,53.4,95.14,90.41,45.08,30.6,12.24,0.523,Costa Rica,10.484,-0.27,91.97999999999999,-5.52,76.939,-1.99,12.475,7.06,7.099000000000001,1.61,66.122,-0.32,46.898,6.5,91.582,3.56,90.25399999999999,0.16,58.761,-13.68,24.048000000000002,6.55,9.619,2.62,0.48900000000000005,0.03
CRI,2021,10.21,96.25,85.43,8.87,3.96,70.22,46.24,86.11,81.54,79.18,26.01,10.4,0.483,Costa Rica,10.506,-0.3,90.995,5.25,76.091,9.34,11.043,-2.17,6.643000000000001,-2.68,66.771,3.45,45.971000000000004,0.27,91.126,-5.02,90.451,-8.91,56.891999999999996,22.29,23.266,2.74,9.306000000000001,1.09,0.4829,0.0
CRI,2022,10.48,97.08,78.92,13.57,11.67,61.84,48.98,87.69,85.82,42.47,24.75,9.9,0.414,Costa Rica,10.401,0.08,93.36800000000001,3.71,79.307,-0.39,11.464,2.11,8.774000000000001,2.9,63.611000000000004,-1.77,49.382999999999996,-0.4,90.977,-3.29,91.53,-5.71,53.24400000000001,-10.77,21.655,3.09,8.661,1.24,0.4446,-0.03
CRI,2023,10.14,88.64,84.24,7.81,11.39,57.05,58.12,89.97,81.25,58.55,27.84,11.14,0.535,Costa Rica,10.416,-0.28,92.554,-3.91,80.287,3.95,13.252,-5.44,8.116,3.27,61.092,-4.04,48.348,9.77,92.663,-2.69,87.713,-6.46,67.77000000000001,-9.22,22.253999999999998,5.59,8.902000000000001,2.24,0.46509999999999996,0.07
ECU,2010,8.38,88.15,67.87,14.16,9.19,56.36,39.03,85.95,94.41,42.85,39.13,15.65,0.452,Ecuador,9.394,-1.01,90.703,-2.55,76.748,-8.88,11.565999999999999,2.59,8.959,0.23,65.607,-9.25,48.6,-9.57,91.529,-5.58,88.783,5.63,57.41799999999999,-14.57,28.248,10.88,11.299000000000001,4.35,0.4796,-0.03
ECU,2011,7.57,88.75,79.53,7.32,9.37,56.35,47.47,92.56,95.84,65.8,43.89,17.56,0.509,Ecuador,9.53,-1.96,90.583,-1.83,74.434,5.1,13.085999999999999,-5.77,7.212999999999999,2.16,63.664,-7.31,48.396,-0.93,89.837,2.72,87.76,8.08,49.818,15.98,28.68,15.21,11.473,6.09,0.48650000000000004,0.02
ECU,2012,9.33,85.67,73.42,7.02,6.11,67.42,31.37,92.46,85.84,48.32,42.25,16.9,0.413,Ecuador,9.484,-0.15,91.477,-5.81,77.082,-3.66,9.918,-2.9,6.861,-0.75,63.482000000000006,3.94,46.226,-14.86,91.463,1.0,87.807,-1.97,63.513999999999996,-15.19,28.137,14.11,11.257,5.64,0.4527,-0.04
ECU,2013,8.11,85.82,89.75,9.84,10.84,74.47,59.07,94.37,97.89,66.4,42.95,17.18,0.424,Ecuador,9.606,-1.5,90.458,-4.64,82.143,7.61,10.6,-0.76,7.829000000000001,3.01,66.569,7.9,44.623000000000005,14.45,93.572,0.8,92.274,5.62,51.531000000000006,14.87,26.471000000000004,16.48,10.587,6.59,0.4549,-0.03
ECU,2014,8.51,93.86,84.01,13.93,9.75,57.6,52.75,92.81,93.15,55.59,40.47,16.19,0.401,Ecuador,9.777,-1.27,90.526,3.33,82.56,1.45,11.361,2.57,6.9319999999999995,2.82,65.096,-7.5,47.676,5.07,91.089,1.72,89.838,3.31,54.69199999999999,0.9,26.235000000000003,14.23,10.493,5.7,0.45389999999999997,-0.05
ECU,2015,9.02,91.13,75.3,10.23,3.22,55.44,39.71,85.84,90.12,82.67,41.21,16.48,0.415,Ecuador,9.937999999999999,-0.92,90.89099999999999,0.24,74.955,0.34,10.015,0.21,7.4319999999999995,-4.21,62.910000000000004,-7.47,44.067,-4.36,90.235,-4.39,89.47,0.65,55.908,26.76,25.853,15.36,10.34,6.14,0.4563,-0.04
ECU,2016,8.95,87.36,66.66,16.12,7.4,70.41,50.5,87.45,92.42,41.05,39.36,15.74,0.504,Ecuador,10.001999999999999,-1.05,91.42999999999999,-4.07,76.375,-9.72,14.246,1.87,6.175,1.23,66.961,3.45,46.32,4.18,92.41499999999999,-4.96,90.904,1.52,46.818,-5.77,24.629,14.73,9.85,5.89,0.5004000000000001,0.0
ECU,2017,9.02,92.47,86.05,7.1,7.01,60.47,59.91,92.5,81.74,54.77,36.08,14.43,0.498,Ecuador,10.103,-1.08,90.547,1.92,76.506,9.54,11.468,-4.37,7.269,-0.26,68.051,-7.58,48.118,11.79,90.851,1.65,89.376,-7.64,62.553,-7.78,25.78,10.3,10.309999999999999,4.12,0.47729999999999995,0.02
ECU,2018,8.92,87.13,69.11,17.22,6.84,64.03,34.91,95.59,86.26,66.57,39.48,15.79,0.436,Ecuador,10.032,-1.11,92.16499999999999,-5.03,79.527,-10.42,12.19,5.03,5.929,0.91,64.051,-0.02,43.601,-8.69,92.05199999999999,3.54,90.91,-4.65,52.787,13.78,24.659,14.82,9.863,5.93,0.4727,-0.04
ECU,2019,9.37,93.65,78.08,10.38,10.15,68.87,36.62,96.14,96.69,42.91,35.6,14.24,0.449,Ecuador,10.386,-1.02,91.699,1.95,75.935,2.14,12.354000000000001,-1.97,7.247,2.9,65.839,3.03,41.823,-5.2,92.125,4.02,92.72200000000001,3.97,56.521,-13.61,23.997,11.6,9.598,4.64,0.48600000000000004,-0.04
ECU,2020,9.21,95.62,75.98,10.65,3.74,68.61,49.64,90.59,82.74,84.59,38.55,15.42,0.527,Ecuador,10.484,-1.27,91.97999999999999,3.64,76.939,-0.96,12.475,-1.82,7.099000000000001,-3.36,66.122,2.49,46.898,2.74,91.582,-0.99,90.25399999999999,-7.51,58.761,25.83,24.048000000000002,14.5,9.619,5.8,0.48900000000000005,0.04
ECU,2021,9.68,91.01,72.53,16.21,5.46,74.02,34.53,97.98,89.72,76.31,39.05,15.62,0.499,Ecuador,10.506,-0.83,90.995,0.02,76.091,-3.56,11.043,5.17,6.643000000000001,-1.18,66.771,7.25,45.971000000000004,-11.44,91.126,6.85,90.451,-0.73,56.891999999999996,19.42,23.266,15.78,9.306000000000001,6.31,0.4829,0.02
ECU,2022,9.02,96.69,74.6,13.15,6.89,73.87,42.59,92.29,91.22,34.9,34.28,13.71,0.455,Ecuador,10.401,-1.38,93.36800000000001,3.32,79.307,-4.71,11.464,1.69,8.774000000000001,-1.88,63.611000000000004,10.26,49.382999999999996,-6.79,90.977,1.31,91.53,-0.31,53.24400000000001,-18.34,21.655,12.62,8.661,5.05,0.4446,0.01
ECU,2023,9.6,96.78,80.61,6.75,8.75,62.95,38.23,95.57,82.3,75.43,35.8,14.32,0.44,Ecuador,10.416,-0.82,92.554,4.23,80.287,0.32,13.252,-6.5,8.116,0.63,61.092,1.86,48.348,-10.12,92.663,2.91,87.713,-5.41,67.77000000000001,7.66,22.253999999999998,13.55,8.902000000000001,5.42,0.46509999999999996,-0.03
MEX,2010,10.32,86.81,84.85,14.3,11.86,63.19,56.82,95.95,92.76,31.99,22.17,8.87,0.534,México,9.394,0.93,90.703,-3.89,76.748,8.1,11.565999999999999,2.73,8.959,2.9,65.607,-2.42,48.6,8.22,91.529,4.42,88.783,3.98,57.41799999999999,-25.43,28.248,-6.08,11.299000000000001,-2.43,0.4796,0.05
MEX,2011,11.2,91.93,87.35,16.83,5.07,59.26,30.93,89.24,84.74,49.81,22.5,9.0,0.495,México,9.53,1.67,90.583,1.35,74.434,12.92,13.085999999999999,3.74,7.212999999999999,-2.14,63.664,-4.4,48.396,-17.47,89.837,-0.6,87.76,-3.02,49.818,-0.01,28.68,-6.18,11.473,-2.47,0.48650000000000004,0.01
MEX,2012,10.82,88.23,83.6,5.5,8.87,62.37,55.93,86.23,96.87,60.46,21.35,8.54,0.487,México,9.484,1.34,91.477,-3.25,77.082,6.52,9.918,-4.42,6.861,2.01,63.482000000000006,-1.11,46.226,9.7,91.463,-5.23,87.807,9.06,63.513999999999996,-3.05,28.137,-6.79,11.257,-2.72,0.4527,0.03
MEX,2013,10.8,92.41,84.06,18.15,7.26,74.36,35.57,89.28,87.15,54.6,23.73,9.49,0.474,México,9.606,1.19,90.458,1.95,82.143,1.92,10.6,7.55,7.829000000000001,-0.57,66.569,7.79,44.623000000000005,-9.05,93.572,-4.29,92.274,-5.12,51.531000000000006,3.07,26.471000000000004,-2.74,10.587,-1.1,0.4549,0.02
MEX,2014,11.47,86.44,86.16,6.91,10.82,70.53,53.13,93.41,89.28,80.57,21.57,8.63,0.442,México,9.777,1.69,90.526,-4.09,82.56,3.6,11.361,-4.45,6.9319999999999995,3.89,65.096,5.43,47.676,5.45,91.089,2.32,89.838,-0.56,54.69199999999999,25.88,26.235000000000003,-4.67,10.493,-1.86,0.45389999999999997,-0.01
MEX,2015,11.11,90.16,84.93,7.25,10.6,70.22,48.79,91.96,97.86,76.83,18.11,7.24,0.404,México,9.937999999999999,1.17,90.89099999999999,-0.73,74.955,9.98,10.015,-2.77,7.4319999999999995,3.17,62.910000000000004,7.31,44.067,4.72,90.235,1.72,89.47,8.39,55.908,20.92,25.853,-7.74,10.34,-3.1,0.4563,-0.05
MEX,2016,11.59,94.36,81.03,15.41,4.18,55.65,57.63,87.92,96.75,36.4,17.18,6.87,0.541,México,10.001999999999999,1.59,91.42999999999999,2.93,76.375,4.66,14.246,1.16,6.175,-2.0,66.961,-11.31,46.32,11.31,92.41499999999999,-4.49,90.904,5.85,46.818,-10.42,24.629,-7.45,9.85,-2.98,0.5004000000000001,0.04
MEX,2017,11.18,92.06,71.29,10.19,8.55,70.93,44.45,96.44,86.85,78.29,19.78,7.91,0.543,México,10.103,1.08,90.547,1.51,76.506,-5.22,11.468,-1.28,7.269,1.28,68.051,2.88,48.118,-3.67,90.851,5.59,89.376,-2.53,62.553,15.74,25.78,-6.0,10.309999999999999,-2.4,0.47729999999999995,0.07
MEX,2018,11.03,91.01,88.68,7.3,4.06,57.5,50.57,97.15,94.51,73.45,17.87,7.15,0.402,México,10.032,1.0,92.16499999999999,-1.15,79.527,9.15,12.19,-4.89,5.929,-1.87,64.051,-6.55,43.601,6.97,92.05199999999999,5.1,90.91,3.6,52.787,20.66,24.659,-6.79,9.863,-2.71,0.4727,-0.07
MEX,2019,12.11,92.62,77.65,14.17,6.87,59.01,44.75,89.27,81.46,52.16,19.25,7.7,0.539,México,10.386,1.72,91.699,0.92,75.935,1.72,12.354000000000001,1.82,7.247,-0.38,65.839,-6.83,41.823,2.93,92.125,-2.86,92.72200000000001,-11.26,56.521,-4.36,23.997,-4.75,9.598,-1.9,0.48600000000000004,0.05
MEX,2020,11.79,94.06,88.06,15.61,3.58,66.64,38.07,87.43,92.51,49.04,18.27,7.31,0.545,México,10.484,1.31,91.97999999999999,2.08,76.939,11.12,12.475,3.14,7.099000000000001,-3.52,66.122,0.52,46.898,-8.83,91.582,-4.15,90.25399999999999,2.26,58.761,-9.72,24.048000000000002,-5.78,9.619,-2.31,0.48900000000000005,0.06
MEX,2021,12.08,86.98,79.41,14.1,10.18,61.21,43.66,98.66,91.54,75.24,16.67,6.67,0.528,México,10.506,1.57,90.995,-4.02,76.091,3.32,11.043,3.06,6.643000000000001,3.54,66.771,-5.56,45.971000000000004,-2.31,91.126,7.53,90.451,1.09,56.891999999999996,18.35,23.266,-6.6,9.306000000000001,-2.64,0.4829,0.05
MEX,2022,12.44,97.15,88.14,11.76,3.1,56.45,41.77,86.86,95.52,80.75,14.63,5.85,0.528,México,10.401,2.04,93.36800000000001,3.78,79.307,8.83,11.464,0.3,8.774000000000001,-5.67,63.611000000000004,-7.16,49.382999999999996,-7.61,90.977,-4.12,91.53,3.99,53.24400000000001,27.51,21.655,-7.02,8.661,-2.81,0.4446,0.08
MEX,2023,11.91,86.47,89.62,17.58,7.32,67.0,38.75,91.82,90.91,72.06,12.79,5.12,0.448,México,10.416,1.49,92.554,-6.08,80.287,9.33,13.252,4.33,8.116,-0.8,61.092,5.91,48.348,-9.6,92.663,-0.84,87.713,3.2,67.77000000000001,4.29,22.253999999999998,-9.46,8.902000000000001,-3.78,0.46509999999999996,-0.02
PER,2010,8.26,90.19,66.37,10.03,9.25,72.2,53.4,87.45,89.05,51.93,21.51,8.6,0.504,Perú,9.394,-1.13,90.703,-0.51,76.748,-10.38,11.565999999999999,-1.54,8.959,0.29,65.607,6.59,48.6,4.8,91.529,-4.08,88.783,0.27,57.41799999999999,-5.49,28.248,-6.74,11.299000000000001,-2.7,0.4796,0.02
PER,2011,7.76,95.44,65.12,10.0,3.36,64.61,33.15,87.05,86.62,33.75,19.77,7.91,0.486,Perú,9.53,-1.77,90.583,4.86,74.434,-9.31,13.085999999999999,-3.09,7.212999999999999,-3.85,63.664,0.95,48.396,-15.25,89.837,-2.79,87.76,-1.14,49.818,-16.07,28.68,-8.91,11.473,-3.56,0.48650000000000004,-0.0
PER,2012,7.95,96.96,73.66,10.2,5.18,74.73,34.27,85.36,82.43,82.97,19.55,7.82,0.549,Perú,9.484,-1.53,91.477,5.48,77.082,-3.42,9.918,0.28,6.861,-1.68,63.482000000000006,11.25,46.226,-11.96,91.463,-6.1,87.807,-5.38,63.513999999999996,19.46,28.137,-8.59,11.257,-3.44,0.4527,0.1
PER,2013,7.1,94.59,76.31,8.37,7.49,67.36,51.07,92.69,97.38,53.79,16.97,6.79,0.421,Perú,9.606,-2.51,90.458,4.13,82.143,-5.83,10.6,-2.23,7.829000000000001,-0.34,66.569,0.79,44.623000000000005,6.45,93.572,-0.88,92.274,5.11,51.531000000000006,2.26,26.471000000000004,-9.5,10.587,-3.8,0.4549,-0.03
PER,2014,7.56,87.29,77.46,11.28,8.04,55.2,39.79,89.37,89.11,54.17,20.2,8.08,0.511,Perú,9.777,-2.22,90.526,-3.24,82.56,-5.1,11.361,-0.08,6.9319999999999995,1.11,65.096,-9.9,47.676,-7.89,91.089,-1.72,89.838,-0.73,54.69199999999999,-0.52,26.235000000000003,-6.04,10.493,-2.41,0.45389999999999997,0.06
PER,2015,7.95,96.89,74.06,13.71,7.66,56.76,40.52,86.48,91.53,41.88,17.69,7.08,0.505,Perú,9.937999999999999,-1.99,90.89099999999999,6.0,74.955,-0.89,10.015,3.7,7.4319999999999995,0.23,62.910000000000004,-6.15,44.067,-3.55,90.235,-3.75,89.47,2.06,55.908,-14.03,25.853,-8.16,10.34,-3.26,0.4563,0.05
PER,2016,7.79,97.49,68.72,11.22,3.3,56.57,41.91,93.67,91.7,38.36,15.17,6.07,0.444,Perú,10.001999999999999,-2.21,91.42999999999999,6.06,76.375,-7.66,14.246,-3.03,6.175,-2.88,66.961,-10.39,46.32,-4.41,92.41499999999999,1.26,90.904,0.8,46.818,-8.46,24.629,-9.46,9.85,-3.78,0.5004000000000001,-0.06
PER,2017,8.35,86.11,89.92,12.53,4.19,66.35,50.68,85.86,94.05,55.29,19.35,7.74,0.521,Perú,10.103,-1.75,90.547,-4.44,76.506,13.41,11.468,1.06,7.269,-3.08,68.051,-1.7,48.118,2.56,90.851,-4.99,89.376,4.67,62.553,-7.26,25.78,-6.43,10.309999999999999,-2.57,0.47729999999999995,0.04
PER,2018,8.1,94.75,70.25,18.47,10.21,59.0,35.02,85.81,97.91,33.18,16.69,6.68,0.537,Perú,10.032,-1.93,92.16499999999999,2.59,79.527,-9.28,12.19,6.28,5.929,4.28,64.051,-5.05,43.601,-8.58,92.05199999999999,-6.24,90.91,7.0,52.787,-19.61,24.659,-7.97,9.863,-3.18,0.4727,0.06
PER,2019,8.44,87.67,69.77,5.55,3.94,67.73,51.19,94.73,97.71,43.15,16.1,6.44,0.477,Perú,10.386,-1.95,91.699,-4.03,75.935,-6.17,12.354000000000001,-6.8,7.247,-3.31,65.839,1.89,41.823,9.37,92.125,2.61,92.72200000000001,4.99,56.521,-13.37,23.997,-7.9,9.598,-3.16,0.48600000000000004,-0.01
PER,2020,9.27,85.85,84.39,11.8,3.28,73.72,31.56,86.99,82.18,46.68,17.96,7.18,0.497,Perú,10.484,-1.21,91.97999999999999,-6.13,76.939,7.45,12.475,-0.67,7.099000000000001,-3.82,66.122,7.6,46.898,-15.34,91.582,-4.59,90.25399999999999,-8.07,58.761,-12.08,24.048000000000002,-6.09,9.619,-2.44,0.48900000000000005,0.01
PER,2021,8.27,91.82,76.02,11.01,7.87,69.18,56.13,86.41,92.46,33.43,14.6,5.84,0.505,Perú,10.506,-2.24,90.995,0.82,76.091,-0.07,11.043,-0.03,6.643000000000001,1.23,66.771,2.41,45.971000000000004,10.16,91.126,-4.72,90.451,2.01,56.891999999999996,-23.46,23.266,-8.67,9.306000000000001,-3.47,0.4829,0.02
PER,2022,8.35,87.37,86.54,19.19,9.43,71.03,40.18,92.13,97.94,74.77,14.55,5.82,0.451,Perú,10.401,-2.05,93.36800000000001,-6.0,79.307,7.23,11.464,7.73,8.774000000000001,0.66,63.611000000000004,7.42,49.382999999999996,-9.2,90.977,1.15,91.53,6.41,53.24400000000001,21.53,21.655,-7.1,8.661,-2.84,0.4446,0.01
PER,2023,8.86,89.85,71.77,14.66,10.33,56.6,56.84,93.61,85.51,64.31,13.94,5.57,0.456,Perú,10.416,-1.56,92.554,-2.7,80.287,-8.52,13.252,1.41,8.116,2.21,61.092,-4.49,48.348,8.49,92.663,0.95,87.713,-2.2,67.77000000000001,-3.46,22.253999999999998,-8.31,8.902000000000001,-3.33,0.46509999999999996,-0.01
URY,2010,8.92,85.35,70.55,8.47,7.93,71.35,43.57,92.38,87.67,37.19,16.85,6.74,0.47,Uruguay,9.394,-0.47,90.703,-5.35,76.748,-6.2,11.565999999999999,-3.1,8.959,-1.03,65.607,5.74,48.6,-5.03,91.529,0.85,88.783,-1.11,57.41799999999999,-20.23,28.248,-11.4,11.299000000000001,-4.56,0.4796,-0.01
URY,2011,9.12,93.73,65.49,6.56,8.79,65.53,51.95,97.41,88.1,40.7,17.48,6.99,0.481,Uruguay,9.53,-0.41,90.583,3.15,74.434,-8.94,13.085999999999999,-6.53,7.212999999999999,1.58,63.664,1.87,48.396,3.55,89.837,7.57,87.76,0.34,49.818,-9.12,28.68,-11.2,11.473,-4.48,0.48650000000000004,-0.01
URY,2012,8.68,93.49,70.95,6.49,3.73,56.21,37.41,90.15,87.45,75.51,18.19,7.28,0.405,Uruguay,9.484,-0.8,91.477,2.01,77.082,-6.13,9.918,-3.43,6.861,-3.13,63.482000000000006,-7.27,46.226,-8.82,91.463,-1.31,87.807,-0.36,63.513999999999996,12.0,28.137,-9.95,11.257,-3.98,0.4527,-0.05
URY,2013,9.08,88.16,83.06,17.84,4.44,72.44,36.58,95.27,93.85,30.61,13.09,5.24,0.406,Uruguay,9.606,-0.53,90.458,-2.3,82.143,0.92,10.6,7.24,7.829000000000001,-3.39,66.569,5.87,44.623000000000005,-8.04,93.572,1.7,92.274,1.58,51.531000000000006,-20.92,26.471000000000004,-13.38,10.587,-5.35,0.4549,-0.05
URY,2014,8.93,93.69,70.12,9.4,11.78,61.74,35.46,90.83,88.66,31.06,14.88,5.95,0.419,Uruguay,9.777,-0.85,90.526,3.16,82.56,-12.44,11.361,-1.96,6.9319999999999995,4.85,65.096,-3.36,47.676,-12.22,91.089,-0.26,89.838,-1.18,54.69199999999999,-23.63,26.235000000000003,-11.36,10.493,-4.54,0.45389999999999997,-0.03
URY,2015,9.48,96.65,65.33,6.28,10.11,68.17,44.95,88.64,93.69,37.54,17.5,7.0,0.478,Uruguay,9.937999999999999,-0.46,90.89099999999999,5.76,74.955,-9.62,10.015,-3.74,7.4319999999999995,2.68,62.910000000000004,5.26,44.067,0.88,90.235,-1.59,89.47,4.22,55.908,-18.37,25.853,-8.35,10.34,-3.34,0.4563,0.02
URY,2016,9.33,90.48,87.32,17.26,8.0,69.38,36.85,92.49,83.87,30.67,13.39,5.36,0.493,Uruguay,10.001999999999999,-0.67,91.42999999999999,-0.95,76.375,10.94,14.246,3.01,6.175,1.83,66.961,2.42,46.32,-9.47,92.41499999999999,0.08,90.904,-7.03,46.818,-16.15,24.629,-11.24,9.85,-4.49,0.5004000000000001,-0.01
URY,2017,8.96,89.44,71.49,10.7,11.97,74.5,49.51,88.38,97.57,74.08,15.68,6.27,0.413,Uruguay,10.103,-1.14,90.547,-1.11,76.506,-5.02,11.468,-0.77,7.269,4.7,68.051,6.45,48.118,1.39,90.851,-2.47,89.376,8.19,62.553,11.53,25.78,-10.1,10.309999999999999,-4.04,0.47729999999999995,-0.06
URY,2018,8.97,93.11,75.24,13.28,4.8,68.6,32.17,98.43,88.78,36.04,13.91,5.56,0.481,Uruguay,10.032,-1.06,92.16499999999999,0.95,79.527,-4.29,12.19,1.09,5.929,-1.13,64.051,4.55,43.601,-11.43,92.05199999999999,6.38,90.91,-2.13,52.787,-16.75,24.659,-10.75,9.863,-4.3,0.4727,0.01
URY,2019,9.72,90.67,72.36,19.23,3.28,60.15,43.88,92.67,88.18,76.44,12.02,4.81,0.496,Uruguay,10.386,-0.67,91.699,-1.03,75.935,-3.58,12.354000000000001,6.88,7.247,-3.97,65.839,-5.69,41.823,2.06,92.125,0.55,92.72200000000001,-4.54,56.521,19.92,23.997,-11.98,9.598,-4.79,0.48600000000000004,0.01
URY,2020,9.47,96.29,77.19,18.42,10.81,69.54,52.28,86.37,88.79,38.25,8.77,3.51,0.519,Uruguay,10.484,-1.01,91.97999999999999,4.31,76.939,0.25,12.475,5.95,7.099000000000001,3.71,66.122,3.42,46.898,5.38,91.582,-5.21,90.25399999999999,-1.46,58.761,-20.51,24.048000000000002,-15.28,9.619,-6.11,0.48900000000000005,0.03
URY,2021,9.85,95.4,75.63,5.34,6.83,61.92,41.13,89.55,93.27,56.18,12.69,5.08,0.441,Uruguay,10.506,-0.66,90.995,4.41,76.091,-0.46,11.043,-5.7,6.643000000000001,0.19,66.771,-4.85,45.971000000000004,-4.84,91.126,-1.58,90.451,2.82,56.891999999999996,-0.71,23.266,-10.58,9.306000000000001,-4.23,0.4829,-0.04
URY,2022,9.93,93.24,71.45,7.09,11.89,55.8,56.01,90.26,87.1,55.27,10.23,4.09,0.404,Uruguay,10.401,-0.47,93.36800000000001,-0.13,79.307,-7.86,11.464,-4.37,8.774000000000001,3.12,63.611000000000004,-7.81,49.382999999999996,6.63,90.977,-0.72,91.53,-4.43,53.24400000000001,2.03,21.655,-11.42,8.661,-4.57,0.4446,-0.04
URY,2023,9.42,95.85,89.61,12.89,8.21,63.77,51.76,95.99,96.06,82.54,11.09,4.44,0.544,Uruguay,10.416,-1.0,92.554,3.3,80.287,9.32,13.252,-0.36,8.116,0.09,61.092,2.68,48.348,3.41,92.663,3.33,87.713,8.35,67.77000000000001,14.77,22.253999999999998,-11.16,8.902000000000001,-4.46,0.46509999999999996,0.08
